,pid,saleprice
0,526301100,215000
1,526350040,105000
2,526351010,172000
3,526353030,244000
4,527105010,189900
5,527105030,195500
6,527127150,213500
7,527145080,191500
8,527146030,236500
9,527162130,189000
10,527163010,175900
11,527165230,185000
12,527166040,180400
13,527180040,171500
14,527182190,212000
15,527216070,538000
16,527225035,164000
17,527258010,394432
18,527276150,141000
19,527302110,210000
20,527358140,190000
21,527358200,170000
22,527368020,216000
23,527402200,149000
24,527402250,149900
25,527403020,142000
26,527404120,126000
27,527425090,115000
28,527427230,184000
29,527451180,96000
30,527451330,105500
31,527451410,88000
32,527452190,127500
33,527453130,149900
34,527453150,120000
35,527454200,146000
36,528108120,376162
37,528112020,306000
38,528120060,395192
39,528120090,290941
40,528120100,220000
41,528120120,275000
42,528138020,259000
43,528138060,214000
44,528150070,611657
45,528175010,224000
46,528176010,500000
47,528176070,320000
48,528180070,319900
49,528181050,205000
50,528188120,175500
51,528218150,199500
52,528228285,160000
53,528228440,192000
54,528231020,184500
55,528240070,216500
56,528240130,185088
57,528250100,180000
58,528292020,222500
59,528328100,333168
60,528344070,355000
61,528358010,260400
62,528363130,325000
63,528382020,290000
64,528382030,221000
65,528386040,410000
66,528445060,221500
67,528456160,204500
68,528458070,215200
69,528458110,262500
70,528477080,254900
71,528480090,271500
72,531367050,233000
73,531369060,181000
74,531380080,205000
75,531451110,143000
76,531451280,189000
77,531452020,99500
78,531452050,125000
79,531452180,194500
80,531453010,152000
81,531453040,171000
82,531477050,67500
83,532351140,112000
84,532354090,148000
85,532376160,138500
86,532377060,122000
87,532377100,133000
88,532378110,127000
89,532479070,169000
90,533130020,190000
91,533130130,362500
92,533130160,285000
93,533205060,260000
94,533208090,190000
95,533210060,155000
96,533212010,151000
97,533212020,149500
98,533212060,152000
99,533213030,222000
100,533221090,177500
101,533221110,177000
102,533223020,155000
103,533223100,147110
104,533238045,267916
105,533244030,254000
106,533253060,155000
107,533253210,206000
108,533352170,130500
109,534102025,230000
110,534129040,218500
111,534151175,243500
112,534152050,205000
113,534152070,212500
114,534152100,196500
115,534176060,197500
116,534176230,171000
117,534202160,142250
118,534251320,143000
119,534276360,128950
120,534401110,159000
121,534401140,178900
122,534403360,136300
123,534403410,180500
124,534425310,137500
125,534427010,84900
126,534430080,142125
127,534431050,197600
128,534431070,172500
129,534450180,116500
130,534451150,76500
131,534475100,128000
132,534476260,153000
133,534479320,132000
134,535101020,178000
135,535106190,154300
136,535125010,180000
137,535126040,190000
138,535152010,135000
139,535152050,214000
140,535152130,136000
141,535152150,165500
142,535152250,145000
143,535153070,148000
144,535154050,142000
145,535175070,167500
146,535175180,108538
147,535179020,159500
148,535180130,108000
149,535302080,135000
150,535302200,122500
151,535304060,119000
152,535304180,109000
153,535325400,105000
154,535327140,107500
155,535350030,144900
156,535350040,129000
157,535353190,97500
158,535377090,144000
159,535401080,162000
160,535425010,242000
161,535450210,132000
162,535453070,154000
163,535454070,166000
164,535456110,134800
165,535457010,160000
166,535457090,148000
167,535476350,192000
168,535477020,155000
169,902102100,80400
170,902104060,96500
171,902106130,109500
172,902106140,115000
173,902110090,143000
174,902125080,107400
175,902125160,80000
176,902128170,119000
177,902206040,130000
178,902206130,119000
179,902206220,129000
180,902206240,100000
181,902207130,12789
182,902207140,105900
183,902305110,150000
184,902327040,139000
185,902329030,240000
186,902401060,76500
187,902402010,149700
188,902402130,125500
189,902402250,122500
190,902403070,140750
191,903204040,128500
192,903206120,209500
193,903225150,87000
194,903226160,134000
195,903227020,128000
196,903227150,132000
197,903228150,139900
198,903232190,123900
199,903233120,138400
200,903234050,109500
201,903425110,140000
202,903426180,149500
203,903426200,159900
204,903430080,122000
205,903450110,110000
206,903454060,55000
207,903476030,140000
208,904100140,244400
209,904101110,173000
210,904300150,107500
211,904302260,100000
212,904350045,95000
213,904351040,93369
214,904352190,114900
215,905101100,94000
216,905101300,136000
217,905101310,136500
218,905102060,131500
219,905103060,121500
220,905104210,125000
221,905105070,154000
222,905105200,137900
223,905106140,158000
224,905106170,137250
225,905107110,160250
226,905107250,163000
227,905107320,158900
228,905109130,328000
229,905109170,270000
230,905201030,85000
231,905202090,128000
232,905325030,260000
233,905352140,230000
234,905378040,124000
235,905426060,83000
236,905426200,144500
237,905451320,129000
238,905452110,127000
239,905452160,128000
240,905453040,186000
241,905453080,308030
242,905475510,114000
243,905478190,84900
244,906201030,178000
245,906201120,270000
246,906204230,218000
247,906223090,236000
248,906225210,147000
249,906378100,245350
250,906380190,206000
251,906385010,198900
252,906385020,187000
253,906402200,320000
254,906425045,138500
255,906477110,155000
256,907125090,159000
257,907180050,191000
258,907185060,200500
259,907200280,150000
260,907200290,161750
261,907200340,128200
262,907203070,127000
263,907250030,318000
264,907252120,272000
265,907262050,237000
266,907280040,240000
267,907290040,224900
268,907290170,143750
269,907290240,143000
270,907401090,232000
271,907410080,213000
272,907414030,185500
273,908102060,84900
274,908102110,155891
275,908102130,100000
276,908102170,144000
277,908102300,64000
278,908103350,125200
279,908152080,107000
280,908203100,90000
281,908208020,140000
282,908225320,113000
283,908226130,80000
284,908275300,144500
285,909100080,104000
286,909100110,128000
287,909101070,58500
288,909176140,127000
289,909176150,126000
290,909177100,160000
291,909250030,100000
292,909250060,169000
293,909281080,257500
294,909426080,215000
295,909427230,266500
296,909428280,335000
297,909452114,203135
298,909455030,185000
299,909455040,162500
300,909475140,289000
301,910202060,125500
302,910203250,82000
303,910205120,110000
304,911128180,68400
305,911202100,102776
306,911204090,55993
307,911204100,50138
308,911370510,246000
309,914467040,254900
310,914475090,190000
311,914476520,201000
312,914478045,169900
313,914478110,170000
314,916125360,160000
315,916386010,220000
316,916386020,179781
317,916386060,174000
318,916386090,269500
319,916455170,214900
320,916475110,202900
321,921128020,378500
322,923201020,169000
323,923202105,173500
324,923204150,139000
325,923205015,166500
326,923225300,83500
327,923225390,119500
328,923225440,85000
329,923226250,76000
330,923226320,75500
331,923228270,88250
332,923228370,85500
333,923230190,130000
334,923251080,157900
335,923276030,149900
336,923276250,159000
337,923426070,136000
338,924100050,161000
339,924151040,285000
340,924152030,231000
341,526302110,124500
342,526351100,157000
343,526355080,345000
344,527105070,189500
345,527105130,270000
346,527107130,189000
347,527108070,377500
348,527110020,168500
349,527127100,375000
350,527131030,278000
351,527132090,240000
352,527146010,239500
353,527161040,177500
354,527162110,185000
355,527162120,191000
356,527163040,178000
357,527163070,185000
358,527163130,181316
359,527164020,166000
360,527164060,178000
361,527164090,174000
362,527165130,173000
363,527166010,225000
364,527180100,180500
365,527182110,187500
366,527214050,501837
367,527254020,372500
368,527258020,260000
369,527276160,185000
370,527301320,260000
371,527302175,181000
372,527326040,82500
373,527326150,215000
374,527352150,154000
375,527353020,200000
376,527353060,249000
377,527354100,187500
378,527354200,184000
379,527355150,278000
380,527356040,157000
381,527359050,152000
382,527359180,197500
383,527364030,240900
384,527365030,263435
385,527366030,220000
386,527368010,235000
387,527375100,213000
388,527375180,167900
389,527375210,158000
390,527376100,165000
391,527378140,158000
392,527401160,136000
393,527402220,148500
394,527403040,156000
395,527404020,128000
396,527404030,143000
397,527405130,76500
398,527405160,120500
399,527405180,124500
400,527425060,97000
401,527425110,130000
402,527450280,111000
403,527451110,125000
404,527451320,112000
405,527451540,97000
406,527451640,118000
407,527451650,119500
408,527452060,143750
409,527453050,146000
410,527453060,148500
411,527453140,123000
412,527454050,147000
413,527454130,137900
414,527455050,147000
415,527455060,148500
416,527455080,138000
417,527455090,128500
418,527455240,100000
419,527455280,148800
420,528102040,337500
421,528102140,462000
422,528104070,485000
423,528106020,555000
424,528106070,325000
425,528108010,256300
426,528108020,253293
427,528108040,398800
428,528108070,335000
429,528108130,404000
430,528108140,402861
431,528110010,451950
432,528110020,610000
433,528110090,582933
434,528112040,360000
435,528116010,296000
436,528118060,409900
437,528120020,255500
438,528120030,335000
439,528120160,274900
440,528120170,300000
441,528138010,324000
442,528142040,350000
443,528142090,280000
444,528142130,284000
445,528142150,269500
446,528144020,233170
447,528166060,386250
448,528166090,445000
449,528168030,290000
450,528172060,255900
451,528174050,213000
452,528174060,196000
453,528174070,184500
454,528175050,212500
455,528175060,230000
456,528176030,552000
457,528178010,382500
458,528180120,320000
459,528180130,248500
460,528186010,286500
461,528186180,254000
462,528188020,173000
463,528188060,173000
464,528218090,184000
465,528220040,167800
466,528221060,174000
467,528221070,174000
468,528228290,174000
469,528228295,175900
470,528228435,192500
471,528228450,181000
472,528228455,180000
473,528228460,160200
474,528235010,188500
475,528235090,200000
476,528235200,170000
477,528240030,189500
478,528240060,184100
479,528240150,195500
480,528250020,192000
481,528250040,178000
482,528253010,207500
483,528275070,236000
484,528275160,257500
485,528280230,244000
486,528290030,167000
487,528290120,179000
488,528290180,190000
489,528290190,156000
490,528292030,245000
491,528292040,181000
492,528292070,214000
493,528294050,168000
494,528315090,337000
495,528321010,403000
496,528327070,327000
497,528344040,340000
498,528344100,336000
499,528354050,265000
500,528363050,315000
501,528365070,260000
502,528385050,260000
503,528387030,263550
504,528390100,402000
505,528390210,248000
506,528427020,244600
507,528431020,275000
508,528431070,257500
509,528435030,287090
510,528435050,275500
511,528439060,245000
512,528441020,253000
513,528441090,468000
514,528456180,252678
515,528456220,210000
516,528456240,208300
517,528458020,225000
518,528458040,229456
519,528458060,229800
520,528458140,250000
521,528458160,370878
522,528458180,238500
523,528477050,310000
524,528477070,270000
525,528480040,252000
526,528480130,241000
527,528480170,264500
528,528482040,291000
529,528482130,263000
530,528488100,185000
531,528490040,234500
532,528490070,209000
533,531363010,159000
534,531363030,152000
535,531363050,143500
536,531369010,193000
537,531369020,203000
538,531371050,184900
539,531375040,159000
540,531375090,142000
541,531375130,153000
542,531376090,224243
543,531379050,220000
544,531382070,257000
545,531385020,189000
546,531450120,171500
547,531452010,120000
548,531452070,145000
549,531452260,184000
550,531453100,162000
551,531475220,160000
552,531477020,82000
553,531479020,76000
554,532353020,110000
555,532353130,135000
556,532354160,141000
557,532354230,122000
558,532376070,124100
559,532376110,129000
560,532377130,131400
561,532378120,62383
562,532378180,123000
563,532478020,275000
564,533135020,235000
565,533206020,280750
566,533210010,164500
567,533210020,173733
568,533213010,222000
569,533213020,195000
570,533213040,172500
571,533221040,180000
572,533223030,156000
573,533236050,172500
574,533252040,318750
575,533253070,211500
576,533254050,241600
577,533254110,180500
578,533352150,150000
579,534125080,154000
580,534127130,185000
581,534127170,185750
582,534128010,200000
583,534128020,206000
584,534128100,162000
585,534128190,256900
586,534129080,197900
587,534129370,163000
588,534129380,113000
589,534151120,230000
590,534152120,167900
591,534175080,213250
592,534177230,227000
593,534200030,130000
594,534202170,143000
595,534226120,117500
596,534250400,168500
597,534251030,172500
598,534252240,161500
599,534275060,141500
600,534275100,118000
601,534276040,127500
602,534277090,140000
603,534278070,177625
604,534278230,110000
605,534400050,167000
606,534400290,153000
607,534402060,145100
608,534402140,154000
609,534402170,177500
610,534403370,158000
611,534426110,124500
612,534429150,174500
613,534431130,122000
614,534450150,82500
615,534451110,110000
616,534475185,149500
617,534475250,175000
618,534476150,167000
619,534476320,128900
620,534477110,140000
621,534478230,147000
622,535101120,124000
623,535104120,187500
624,535105100,159000
625,535125070,256000
626,535125090,205000
627,535126010,193500
628,535126100,110000
629,535150070,104900
630,535151040,150000
631,535152230,156500
632,535154060,176000
633,535154130,149500
634,535175030,139000
635,535175050,155000
636,535178040,120000
637,535178120,153000
638,535179160,144000
639,535300120,176000
640,535301170,153000
641,535302120,135000
642,535303110,131000
643,535303150,123000
644,535304100,126000
645,535325290,115000
646,535351050,164900
647,535352090,113000
648,535353040,145500
649,535353060,102900
650,535353140,95000
651,535353240,152500
652,535354070,129900
653,535354100,132000
654,535375010,99900
655,535375050,135000
656,535376060,149000
657,535377150,114000
658,535378020,109500
659,535378120,125000
660,535381040,142900
661,535382100,156500
662,535383060,59000
663,535383070,105000
664,535383110,106000
665,535383120,78500
666,535402010,190000
667,535402090,154000
668,535402270,163000
669,535402330,200000
670,535403190,143500
671,535403210,135000
672,535403280,153000
673,535425070,157500
674,535426150,113500
675,535450070,133000
676,535450160,92900
677,535450200,128500
678,535451170,90000
679,535451250,138000
680,535452090,128000
681,535452100,139000
682,535452140,118900
683,535453100,138000
684,535453200,132500
685,535454100,133500
686,535454160,135000
687,535475010,144750
688,535476110,145000
689,535476240,127000
690,535477150,109500
691,902101010,115000
692,902102080,110000
693,902103100,128900
694,902103120,103500
695,902103170,66500
696,902105050,130000
697,902105060,129000
698,902106010,150000
699,902106060,107500
700,902109130,94550
701,902109140,124500
702,902110080,135000
703,902134120,103000
704,902135020,93000
705,902201110,129500
706,902202150,93000
707,902204080,80000
708,902205010,45000
709,902205030,37900
710,902206260,91300
711,902207170,99500
712,902300090,113000
713,902301060,87500
714,902301080,110000
715,902325070,106000
716,902326030,265979
717,902327070,160000
718,902329080,119000
719,902330040,168000
720,902331010,58500
721,902401130,143000
722,902402150,85000
723,902405100,124900
724,902405120,119000
725,902406070,146500
726,902477120,34900
727,902477130,44000
728,903200080,223500
729,903201020,149000
730,903201080,205000
731,903202170,137000
732,903205040,121000
733,903226130,128000
734,903226170,134900
735,903227070,117000
736,903227090,132500
737,903228070,93000
738,903228120,119000
739,903230100,100000
740,903231010,141500
741,903231030,133000
742,903231060,60000
743,903231130,105000
744,903232060,115000
745,903234220,150000
746,903236040,126500
747,903400220,214500
748,903425245,167500
749,903427120,155000
750,903429080,155000
751,903429110,179900
752,903430060,104000
753,903430070,62500
754,903451090,149000
755,903458170,103000
756,903475100,123000
757,903476090,97500
758,903481120,135000
759,903481130,70000
760,903484110,116000
761,904100190,88750
762,904301060,179000
763,904301070,179000
764,904301100,159900
765,904301375,61000
766,904351200,103600
767,904351240,63000
768,905101260,175000
769,905101490,139000
770,905103040,172500
771,905103070,113500
772,905105190,130000
773,905107310,149900
774,905108190,134900
775,905108220,137000
776,905200220,139000
777,905200260,165000
778,905200350,148000
779,905225090,165000
780,905228050,63900
781,905229040,161500
782,905325020,143000
783,905377010,135000
784,905377130,82500
785,905401100,190000
786,905402060,139600
787,905402070,122000
788,905450020,127500
789,905451300,121500
790,905451340,60000
791,905452040,154400
792,905452050,113000
793,905475160,125000
794,905475500,84000
795,905476230,139500
796,905478030,131000
797,905480030,105000
798,905480210,108000
799,906201021,162000
800,906201050,156500
801,906201130,316600
802,906203120,271900
803,906223060,213000
804,906223080,239900
805,906223210,239500
806,906226060,131000
807,906226070,118964
808,906226080,153337
809,906226090,147983
810,906226100,118858
811,906226110,118858
812,906226120,142953
813,906226130,148325
814,906226140,113722
815,906230010,269500
816,906230020,269500
817,906230030,269500
818,906340100,323262
819,906340110,297000
820,906340120,295493
821,906340130,332000
822,906378110,239900
823,906380050,212000
824,906380060,272500
825,906380100,239000
826,906380130,220000
827,906380210,200000
828,906380220,221800
829,906392070,194500
830,906392110,237000
831,906392130,173000
832,906402060,275000
833,906426210,233500
834,906475070,185000
835,907126010,152000
836,907126050,143000
837,907130100,231500
838,907131090,212000
839,907131190,207000
840,907135040,145000
841,907135170,138000
842,907175100,197900
843,907180130,204000
844,907181100,192000
845,907185050,200000
846,907192030,195000
847,907192090,227000
848,907194010,230000
849,907194110,187100
850,907194160,203000
851,907196060,201000
852,907200230,124000
853,907201220,140000
854,907201280,134900
855,907202050,150500
856,907202080,136500
857,907202130,143500
858,907227030,133500
859,907227080,123000
860,907227110,133900
861,907227290,133000
862,907250070,250000
863,907252060,254750
864,907252210,236500
865,907252220,261500
866,907253130,313000
867,907260030,198500
868,907265010,211000
869,907275010,220000
870,907275090,203000
871,907275140,279500
872,907280170,210000
873,907285020,219500
874,907285050,191000
875,907290070,178000
876,907290090,213000
877,907290180,144000
878,907290210,140000
879,907410130,293200
880,907412020,190000
881,907414020,190000
882,907414080,173500
883,907420040,170000
884,908102050,108000
885,908102270,167000
886,908102290,100000
887,908128060,198500
888,908151050,159500
889,908152035,127000
890,908152100,125000
891,908154040,320000
892,908186080,145500
893,908201040,118000
894,908203090,85000
895,908225290,120000
896,908225370,98000
897,908229020,99900
898,908250030,82000
899,908275040,119900
900,908275110,103500
901,908276150,112000
902,909101010,110000
903,909101100,122000
904,909101140,117000
905,909129090,160000
906,909129100,159434
907,909175080,60000
908,909178160,139500
909,909179020,197000
910,909250080,105000
911,909250220,135000
912,909251050,147500
913,909251170,137450
914,909252020,155000
915,909253010,177000
916,909253180,145000
917,909254010,137000
918,909257050,234000
919,909275080,205000
920,909276110,177500
921,909276200,160000
922,909277090,155000
923,909277100,163500
924,909278020,154900
925,909279010,205000
926,909282130,144800
927,909425060,174500
928,909425130,193000
929,909426090,158000
930,909427200,158500
931,909428240,224000
932,909451040,115000
933,909451100,137000
934,909451140,121000
935,909451180,124000
936,909452050,208000
937,909475040,315000
938,909475300,222000
939,910202070,147000
940,910204050,123000
941,910205020,78000
942,911103050,85000
943,911104060,75000
944,911370500,230000
945,912251110,57625
946,914465020,251000
947,914465040,239686
948,914465055,240000
949,914474070,215000
950,914475010,156450
951,914475030,173000
952,914476020,126000
953,914476380,173000
954,914476430,152000
955,916176030,137500
956,916176125,375000
957,916380070,315500
958,916382010,224500
959,916382100,410000
960,916382110,316500
961,916386140,201000
962,916403010,175000
963,916403200,204000
964,916403250,213500
965,916455070,220000
966,916460110,170000
967,916475040,315000
968,921128050,425000
969,923201100,139500
970,923202060,115000
971,923203110,162000
972,923203190,165000
973,923225360,91000
974,923225490,130000
975,923226270,86000
976,923227080,160000
977,923228110,80000
978,923228150,97000
979,923228230,88000
980,923230200,131900
981,923252075,131250
982,923275040,165500
983,923275140,112000
984,923276260,149000
985,923400025,143000
986,923400110,130000
987,924100040,196000
988,924100060,173000
989,526351030,176500
990,526353050,237500
991,526354070,206900
992,527105050,187500
993,527106050,165000
994,527106140,195500
995,527106150,192000
996,527107010,173000
997,527107090,177900
998,527107210,175000
999,527127140,286000
1000,527131110,247900
1001,527140090,180000
1002,527145090,180000
1003,527161010,181000
1004,527162180,183000
1005,527163100,188000
1006,527164120,194500
1007,527165010,185000
1008,527183030,189000
1009,527183060,188500
1010,527208010,355000
1011,527212050,325000
1012,527214030,387000
1013,527226020,115000
1014,527252080,334000
1015,527276040,133000
1016,527301170,215000
1017,527301245,226500
1018,527302050,175500
1019,527302070,181900
1020,527302185,235000
1021,527302210,220000
1022,527325070,272000
1023,527325240,161000
1024,527326130,175000
1025,527354160,185000
1026,527357110,146900
1027,527357180,292500
1028,527358120,180000
1029,527359030,159900
1030,527359070,205000
1031,527378020,157000
1032,527380240,306000
1033,527401130,133000
1034,527402060,151000
1035,527402130,111900
1036,527403360,123000
1037,527425035,111250
1038,527427110,181000
1039,527450110,103400
1040,527450250,100000
1041,527450520,100500
1042,527451060,106000
1043,527451290,85400
1044,527451400,89500
1045,527451550,111750
1046,527452150,140000
1047,527453160,143000
1048,527454120,148500
1049,527455270,110000
1050,528102030,394617
1051,528102110,426000
1052,528104050,385000
1053,528104080,446261
1054,528108150,317500
1055,528110080,372402
1056,528110110,417500
1057,528114040,383000
1058,528118030,390000
1059,528118090,460000
1060,528120130,379000
1061,528142020,250000
1062,528142140,316000
1063,528164060,615000
1064,528166120,412500
1065,528170070,284000
1066,528172080,284000
1067,528178070,421250
1068,528178090,370000
1069,528180110,336860
1070,528180140,367294
1071,528181010,192000
1072,528186030,274000
1073,528186080,266000
1074,528186130,370967
1075,528186160,234250
1076,528186170,219500
1077,528188090,155000
1078,528188150,154000
1079,528190010,207000
1080,528228345,195000
1081,528228405,219990
1082,528228445,191000
1083,528228465,159895
1084,528228540,187687
1085,528235020,179000
1086,528235120,193000
1087,528235180,190000
1088,528240040,176000
1089,528240050,188000
1090,528250030,213000
1091,528253020,217300
1092,528280130,186500
1093,528280180,226750
1094,528290010,184000
1095,528290090,176000
1096,528292060,225000
1097,528294060,185900
1098,528315060,284500
1099,528315110,315000
1100,528326030,250000
1101,528326110,291000
1102,528346050,350000
1103,528354100,279500
1104,528363020,290000
1105,528363110,350000
1106,528365060,341000
1107,528365080,287500
1108,528387050,271000
1109,528390020,301500
1110,528427010,235128
1111,528427070,214000
1112,528429050,232000
1113,528429070,240000
1114,528429080,264132
1115,528431060,245000
1116,528431080,227680
1117,528431120,257000
1118,528435020,297900
1119,528439010,247000
1120,528458030,212700
1121,528458050,250580
1122,528462040,182000
1123,528477040,226700
1124,528478030,250000
1125,528478040,250000
1126,528480060,339750
1127,528480160,205950
1128,528482020,256000
1129,528488140,230348
1130,528490080,207500
1131,531363060,141000
1132,531371070,188000
1133,531373060,192500
1134,531375050,146000
1135,531375110,159000
1136,531375120,155000
1137,531376010,173000
1138,531376070,170000
1139,531382090,182000
1140,531382110,163000
1141,531382120,193500
1142,531384030,189000
1143,531385060,190500
1144,531450030,175000
1145,531450090,179200
1146,531450170,187000
1147,531451020,193000
1148,531452140,153900
1149,532351050,128000
1150,532353050,144000
1151,532354150,135000
1152,532376170,115000
1153,532377020,119916
1154,532378200,142000
1155,532477030,192000
1156,532479020,140000
1157,533125080,290000
1158,533125140,372500
1159,533206050,196000
1160,533208080,171900
1161,533208140,178000
1162,533212050,165000
1163,533212140,146000
1164,533212150,146000
1165,533213070,179400
1166,533213120,172900
1167,533215020,300000
1168,533215030,285000
1169,533215040,290000
1170,533215070,305000
1171,533215080,328900
1172,533217050,160000
1173,533217060,170000
1174,533234020,223000
1175,533236060,170000
1176,533236070,200000
1177,533236090,345000
1178,533250050,245500
1179,533250110,217500
1180,533250160,324000
1181,533251120,162500
1182,533350090,150000
1183,533350120,290000
1184,534104100,205000
1185,534126090,174000
1186,534127210,183000
1187,534127230,150000
1188,534128050,145000
1189,534129060,215000
1190,534175140,140500
1191,534177180,240000
1192,534201240,141000
1193,534202130,147000
1194,534204030,135000
1195,534225110,145000
1196,534225120,142600
1197,534250010,135000
1198,534250335,170000
1199,534250370,299800
1200,534250410,185000
1201,534251280,173000
1202,534252090,178400
1203,534252270,176000
1204,534276190,98000
1205,534277060,109008
1206,534277070,135750
1207,534400030,155000
1208,534400060,180500
1209,534401130,174900
1210,534401190,140000
1211,534403050,145000
1212,534403080,179900
1213,534403100,168500
1214,534403260,140000
1215,534426040,145500
1216,534427040,142000
1217,534428020,141000
1218,534428100,153000
1219,534451080,72500
1220,534451170,52000
1221,534452060,118000
1222,534453140,87000
1223,534455030,141500
1224,534477080,119000
1225,534477090,141500
1226,534477270,165500
1227,534479150,112900
1228,535103050,201800
1229,535104020,163000
1230,535105030,139950
1231,535105060,174000
1232,535105090,165000
1233,535126140,227000
1234,535150210,135000
1235,535150280,124000
1236,535151160,140000
1237,535152200,136500
1238,535153140,185000
1239,535153150,163000
1240,535176100,166800
1241,535178060,139000
1242,535179060,166000
1243,535180100,136000
1244,535180120,133000
1245,535301080,116000
1246,535302130,137500
1247,535302140,130000
1248,535303030,180000
1249,535305030,139000
1250,535305160,110000
1251,535327230,100000
1252,535352080,118500
1253,535354200,146000
1254,535375140,89900
1255,535375160,114000
1256,535380050,140000
1257,535380110,86900
1258,535380140,139000
1259,535383100,106250
1260,535402120,171000
1261,535403010,139000
1262,535425060,186000
1263,535426260,157000
1264,535426350,148000
1265,535427070,242000
1266,535451010,116000
1267,535451050,94000
1268,535451230,98300
1269,535452120,127000
1270,535453020,159000
1271,535453040,125900
1272,535453210,155000
1273,535454150,138000
1274,535455060,112500
1275,535455080,105500
1276,535455090,127500
1277,535456050,130000
1278,535456070,150000
1279,535456100,109500
1280,535475020,140000
1281,535476370,167900
1282,535477090,136870
1283,902100020,143000
1284,902100030,73000
1285,902102060,157500
1286,902103150,122600
1287,902105010,111000
1288,902105020,256000
1289,902105130,64000
1290,902107030,139500
1291,902109080,118000
1292,902109110,200000
1293,902109120,119164
1294,902109160,122250
1295,902128075,120000
1296,902128150,155000
1297,902134100,78000
1298,902136110,95000
1299,902201120,115000
1300,902201140,147000
1301,902202090,140000
1302,902205070,46500
1303,902205090,112500
1304,902205140,107900
1305,902207120,65000
1306,902207220,295000
1307,902300110,139500
1308,902300215,153900
1309,902300260,132000
1310,902301140,98000
1311,902301150,114000
1312,902304060,130000
1313,902305080,129500
1314,902306120,129400
1315,902306130,161000
1316,902326060,163000
1317,902328040,128000
1318,902330010,122000
1319,902401010,116900
1320,902401120,325000
1321,902402260,55000
1322,902405070,184000
1323,902406020,110000
1324,902406090,131500
1325,902427045,97000
1326,902427150,115500
1327,903201030,138000
1328,903204010,108000
1329,903204095,79500
1330,903206070,153000
1331,903225050,109500
1332,903225140,124000
1333,903225160,106900
1334,903226060,164900
1335,903226150,119000
1336,903227080,120000
1337,903228040,157000
1338,903228060,105000
1339,903228090,113000
1340,903230110,115000
1341,903230120,79000
1342,903231080,123000
1343,903232030,81300
1344,903232090,162900
1345,903233080,150000
1346,903234090,123500
1347,903234100,129900
1348,903235010,128000
1349,903235100,68500
1350,903236010,127000
1351,903400180,207000
1352,903401020,184000
1353,903401030,162500
1354,903401050,145000
1355,903425420,130000
1356,903426160,160000
1357,903427090,161000
1358,903429010,127500
1359,903452025,93850
1360,903453050,136000
1361,903454100,141000
1362,903455030,120000
1363,903455140,127500
1364,903456130,127000
1365,903458110,89500
1366,903475020,125000
1367,903476110,79900
1368,903481010,85000
1369,903481100,82375
1370,903484020,135000
1371,904100020,124000
1372,904100040,134000
1373,904100160,135000
1374,904101170,134432
1375,904351280,127500
1376,905100020,148000
1377,905102170,129500
1378,905103030,157500
1379,905104080,109900
1380,905104110,145000
1381,905104180,130000
1382,905107280,153000
1383,905107380,120000
1384,905108170,152000
1385,905200090,108959
1386,905200100,95541
1387,905200160,80000
1388,905200510,149350
1389,905201020,144900
1390,905201110,185000
1391,905201120,165000
1392,905202230,235000
1393,905225040,140000
1394,905226030,108000
1395,905226110,145000
1396,905227050,152400
1397,905300020,144000
1398,905351089,173000
1399,905352030,192000
1400,905352070,245000
1401,905401045,241500
1402,905401060,256000
1403,905402090,177000
1404,905403060,125600
1405,905403150,155000
1406,905425125,240000
1407,905426030,260000
1408,905427050,185000
1409,905427070,235000
1410,905451330,159900
1411,905452070,99600
1412,905452120,134500
1413,905476120,119000
1414,905477050,107500
1415,905479110,125000
1416,905480150,79000
1417,905480240,95000
1418,906204150,262280
1419,906204280,260000
1420,906223110,226500
1421,906223140,225000
1422,906223220,229000
1423,906378190,177439
1424,906380030,248500
1425,906412010,475000
1426,906412050,395039
1427,906420130,228000
1428,906424010,225000
1429,906475100,195000
1430,906476030,200000
1431,907126030,155000
1432,907135020,144000
1433,907135260,145000
1434,907175080,226001
1435,907176010,215700
1436,907181120,207500
1437,907181140,193000
1438,907187030,188000
1439,907187080,191000
1440,907192130,221000
1441,907194020,231500
1442,907196040,235000
1443,907196050,223500
1444,907200110,130250
1445,907201060,149900
1446,907202010,158000
1447,907202160,147000
1448,907202190,143195
1449,907202240,163000
1450,907203090,110000
1451,907227050,127000
1452,907227300,124900
1453,907250020,230000
1454,907251090,237000
1455,907253060,235000
1456,907253110,230500
1457,907254020,230000
1458,907254090,222500
1459,907255020,287000
1460,907255030,274000
1461,907255060,300000
1462,907260010,255900
1463,907262030,224900
1464,907262060,240000
1465,907262070,183000
1466,907265100,207000
1467,907285080,210000
1468,907290150,136500
1469,907290250,145000
1470,907295020,208900
1471,907295100,185000
1472,907405020,214000
1473,907405140,208500
1474,907412040,186500
1475,907412070,210000
1476,907412080,185900
1477,907412090,179900
1478,907418010,218836
1479,907418040,193000
1480,907420080,189000
1481,907425010,149300
1482,907425015,141000
1483,907425030,149000
1484,907425035,144500
1485,908102030,85000
1486,908102040,145900
1487,908102140,123000
1488,908102260,147500
1489,908103260,165000
1490,908103280,135000
1491,908127120,108000
1492,908128050,137500
1493,908128110,165400
1494,908151040,147000
1495,908152110,160500
1496,908152270,176000
1497,908154080,284700
1498,908154235,160000
1499,908186040,148000
1500,908201100,82000
1501,908201110,82000
1502,908201120,118000
1503,908204160,82500
1504,908225170,91900
1505,908226120,120000
1506,908250040,96000
1507,908250090,99000
1508,908275130,130500
1509,908275180,135000
1510,908275280,135500
1511,908276140,100000
1512,909100150,108000
1513,909100170,98000
1514,909101060,67000
1515,909101180,135900
1516,909131170,140000
1517,909175050,179500
1518,909175100,136500
1519,909177120,168000
1520,909201110,130000
1521,909250040,189000
1522,909250230,161900
1523,909251080,145000
1524,909251090,191000
1525,909252110,177000
1526,909252220,147500
1527,909253190,91000
1528,909254050,231000
1529,909256060,115000
1530,909275040,138000
1531,909275050,149000
1532,909276170,188700
1533,909277040,198000
1534,909277070,110000
1535,909281030,104000
1536,909281110,257076
1537,909282030,381000
1538,909425010,311500
1539,909425085,263400
1540,909428170,236500
1541,909428190,224000
1542,909451020,116500
1543,909451150,151000
1544,910200080,126000
1545,910201130,120000
1546,910202050,55000
1547,910202100,120500
1548,910203020,120500
1549,910203090,119000
1550,910205010,126000
1551,910206110,99500
1552,910226040,165500
1553,910251050,13100
1554,911102090,89000
1555,911102170,40000
1556,911102180,80900
1557,911226010,81000
1558,911226030,65000
1559,911370410,392500
1560,911370490,294464
1561,911370520,250000
1562,911370540,275000
1563,914453045,300000
1564,914465060,271000
1565,914467050,213000
1566,914475020,171000
1567,914476010,171500
1568,914476080,100000
1569,914476450,228500
1570,916125425,228950
1571,916226030,241500
1572,916325080,287000
1573,916380060,294000
1574,916382120,293077
1575,916384100,264966
1576,916386040,172500
1577,916386080,167500
1578,916386180,218689
1579,916402015,150000
1580,916402115,184000
1581,916402215,180000
1582,916403230,175000
1583,916455120,232500
1584,916460060,195000
1585,916477020,305000
1586,921126030,298751
1587,921201060,370000
1588,923202005,209200
1589,923202015,206300
1590,923202137,146000
1591,923203140,160500
1592,923204040,173000
1593,923225080,124000
1594,923225150,115000
1595,923225200,129500
1596,923225310,105000
1597,923225370,94900
1598,923227030,152500
1599,923228080,98000
1600,923228420,81000
1601,923250210,113000
1602,923252100,128500
1603,923275090,119500
1604,923277030,130500
1605,923277040,138000
1606,923277080,134500
1607,923400040,160000
1608,923426010,137500
1609,924100020,172000
1610,1007100110,103000
1611,526352080,167300
1612,526352090,167000
1613,526355170,244000
1614,526355190,268000
1615,527105140,225000
1616,527107040,168000
1617,527110080,177000
1618,527110120,169000
1619,527110130,161500
1620,527126030,251000
1621,527158090,160000
1622,527161090,180000
1623,527162080,178750
1624,527162090,176000
1625,527162140,204000
1626,527163080,160000
1627,527165020,160000
1628,527165100,163900
1629,527165170,168000
1630,527175130,154204
1631,527182040,170000
1632,527182170,207500
1633,527184020,182000
1634,527184110,212000
1635,527210060,377426
1636,527212060,349265
1637,527216080,591587
1638,527226040,155000
1639,527252050,319900
1640,527252070,392000
1641,527256030,441929
1642,527256040,455000
1643,527301080,182900
1644,527301280,174000
1645,527302020,178000
1646,527302060,176000
1647,527302090,213000
1648,527325090,192000
1649,527325110,190000
1650,527327050,195000
1651,527328020,148000
1652,527328050,151500
1653,527353080,197000
1654,527354050,192350
1655,527356050,152000
1656,527357020,170000
1657,527358060,175000
1658,527359010,175000
1659,527359080,197900
1660,527359160,174000
1661,527377110,178900
1662,527402090,139000
1663,527402150,143250
1664,527402240,184000
1665,527403310,155000
1666,527404050,133000
1667,527404100,119500
1668,527404140,123000
1669,527404150,110000
1670,527425025,128000
1671,527425140,120500
1672,527427090,133000
1673,527427160,155000
1674,527427200,177000
1675,527450030,113500
1676,527450150,113000
1677,527450220,113700
1678,527451020,106000
1679,527451170,122500
1680,527452100,128000
1681,527453010,155000
1682,527455030,142500
1683,527455250,129250
1684,528102050,356000
1685,528102090,314813
1686,528102100,318000
1687,528102120,322400
1688,528102130,318000
1689,528104010,345474
1690,528106040,415298
1691,528106050,492000
1692,528106060,338931
1693,528106110,450000
1694,528108160,280000
1695,528110040,479069
1696,528110070,395000
1697,528110100,380000
1698,528112150,250000
1699,528114050,440000
1700,528118040,418000
1701,528118050,500067
1702,528120010,260116
1703,528120150,317000
1704,528142050,319500
1705,528144050,325624
1706,528150040,372000
1707,528150110,342000
1708,528150120,354000
1709,528166150,350000
1710,528168040,285000
1711,528172030,281500
1712,528172050,245700
1713,528172070,232698
1714,528172075,250000
1715,528174010,194700
1716,528174020,204000
1717,528174030,200000
1718,528174040,207000
1719,528181060,209500
1720,528181070,209500
1721,528181080,202500
1722,528186050,280000
1723,528186090,277500
1724,528186120,318061
1725,528186190,221370
1726,528188160,200000
1727,528218010,181755
1728,528218020,176000
1729,528218050,178900
1730,528218100,168165
1731,528221030,171925
1732,528221040,198444
1733,528221050,203000
1734,528221090,179540
1735,528222030,176485
1736,528222040,181134
1737,528222050,156932
1738,528222060,166000
1739,528222080,177594
1740,528222090,173500
1741,528228270,172500
1742,528228275,194201
1743,528228375,226500
1744,528228555,185485
1745,528231010,259000
1746,528231030,188500
1747,528235000,175000
1748,528235160,215000
1749,528235170,206580
1750,528240020,183500
1751,528250010,165500
1752,528250070,211000
1753,528275035,181000
1754,528275110,219500
1755,528280110,175000
1756,528280150,170000
1757,528290060,162000
1758,528290170,187000
1759,528294010,185000
1760,528320050,745000
1761,528322020,384500
1762,528326060,248000
1763,528327060,466500
1764,528340030,410000
1765,528344020,322500
1766,528348030,252000
1767,528351010,755000
1768,528354060,269790
1769,528354110,315750
1770,528358040,290000
1771,528364110,290000
1772,528366050,430000
1773,528366070,263000
1774,528376010,330000
1775,528427040,213133
1776,528427100,260261
1777,528429090,320000
1778,528429110,282922
1779,528431030,215000
1780,528431040,419005
1781,528431050,255000
1782,528431110,147000
1783,528435010,235876
1784,528435040,311872
1785,528435060,248328
1786,528435070,227000
1787,528439040,260000
1788,528439050,225000
1789,528439080,249000
1790,528441080,307000
1791,528445020,250000
1792,528445070,221300
1793,528456190,208900
1794,528456230,210400
1795,528458080,255000
1796,528458090,212109
1797,528458120,270000
1798,528458130,303477
1799,528458150,310013
1800,528477020,249700
1801,528480020,227875
1802,528480180,261329
1803,528482010,253000
1804,528482030,265000
1805,528482090,340000
1806,531363020,146000
1807,531363040,147000
1808,531375140,149000
1809,531376060,181000
1810,531380110,201000
1811,531384070,191750
1812,531385070,179000
1813,531385130,215000
1814,531451030,179200
1815,531451150,128000
1816,531453140,144000
1817,531477040,144000
1818,532353120,120750
1819,532354010,132500
1820,532354060,132000
1821,532354070,132500
1822,532376040,129000
1823,532376090,143900
1824,532377050,145000
1825,532377140,128500
1826,532378240,125500
1827,532476080,300000
1828,532477040,294000
1829,532479050,129000
1830,532479120,171000
1831,532479140,147000
1832,533120030,302000
1833,533130170,285000
1834,533205110,214000
1835,533206060,166000
1836,533206070,193800
1837,533208010,208900
1838,533208020,194000
1839,533208030,207500
1840,533208040,199900
1841,533208070,164700
1842,533213130,176500
1843,533213140,176000
1844,533221030,168500
1845,533221060,177000
1846,533221100,177000
1847,533223050,148800
1848,533236040,174000
1849,533241030,239000
1850,533242080,204000
1851,533242090,301000
1852,533244040,312500
1853,533250190,279700
1854,533251110,255000
1855,533251130,194000
1856,533252130,218000
1857,533253180,213750
1858,533254100,187000
1859,533254130,181500
1860,533350020,373000
1861,533352075,190000
1862,534104090,226000
1863,534125120,143450
1864,534127080,240050
1865,534127140,162500
1866,534127260,164000
1867,534128090,185000
1868,534151090,188500
1869,534151180,255000
1870,534175010,136905
1871,534176140,158500
1872,534177210,175500
1873,534178010,127000
1874,534201040,127000
1875,534202030,143000
1876,534204120,156000
1877,534252040,144000
1878,534252060,119000
1879,534252070,103000
1880,534252110,139900
1881,534275170,151500
1882,534275220,126500
1883,534276070,145000
1884,534276160,120000
1885,534276180,124000
1886,534276290,106500
1887,534278150,140500
1888,534278170,137500
1889,534278190,117600
1890,534401120,163500
1891,534401200,161000
1892,534403040,158000
1893,534403290,224500
1894,534403420,147000
1895,534425015,200000
1896,534425080,181900
1897,534427140,150750
1898,534429030,101800
1899,534430090,124000
1900,534431020,138500
1901,534450090,39300
1902,534450110,64500
1903,534451020,64000
1904,534453080,112000
1905,534475170,165000
1906,534476080,144000
1907,534478140,137000
1908,534479120,105000
1909,534479140,146500
1910,535101150,126000
1911,535102010,175000
1912,535105110,158500
1913,535106140,114500
1914,535106180,144000
1915,535126180,129000
1916,535151020,141000
1917,535151100,131000
1918,535151110,142100
1919,535152060,139000
1920,535154080,157900
1921,535155110,139400
1922,535176070,150000
1923,535177020,120000
1924,535177110,174850
1925,535179120,116000
1926,535180030,135000
1927,535181030,163500
1928,535181140,130000
1929,535300040,129500
1930,535301060,142000
1931,535301160,128600
1932,535302070,125000
1933,535304170,136000
1934,535305180,134500
1935,535325090,127000
1936,535325280,130000
1937,535325320,115000
1938,535327160,116900
1939,535327200,132000
1940,535353050,153000
1941,535353130,112500
1942,535353160,138000
1943,535354050,135000
1944,535354260,156000
1945,535355020,301600
1946,535375130,109000
1947,535376010,103200
1948,535378080,128500
1949,535379060,64500
1950,535379110,148000
1951,535382150,86000
1952,535402140,172000
1953,535402180,120000
1954,535403030,128500
1955,535426130,135000
1956,535450190,122900
1957,535450220,119200
1958,535450310,143000
1959,535451040,119000
1960,535451100,102000
1961,535451110,129000
1962,535452060,135000
1963,535453080,152000
1964,535453150,140000
1965,535453180,152000
1966,535457020,156500
1967,535457040,141000
1968,535457050,99000
1969,535476360,187000
1970,535477130,169500
1971,535477180,125500
1972,535478040,130000
1973,902100010,103000
1974,902105110,132000
1975,902106070,127500
1976,902106120,89500
1977,902107050,140000
1978,902110010,99900
1979,902125120,100000
1980,902128160,130000
1981,902201090,135000
1982,902201130,120000
1983,902202070,89471
1984,902205020,85000
1985,902205130,108500
1986,902206270,137000
1987,902207010,110500
1988,902207150,100000
1989,902300020,184900
1990,902300040,145000
1991,902301030,125000
1992,902301130,114000
1993,902302150,90000
1994,902303100,144100
1995,902304040,117500
1996,902305010,124500
1997,902330090,185000
1998,902332030,133900
1999,902401030,152000
2000,902404010,153500
2001,902408080,159500
2002,902427040,87000
2003,902427140,104500
2004,902427180,110000
2005,903201090,136500
2006,903204030,128250
2007,903205085,144000
2008,903206170,210000
2009,903225040,135000
2010,903227140,128000
2011,903228080,131000
2012,903231050,113000
2013,903231090,126000
2014,903231180,132000
2015,903232100,131750
2016,903233030,132500
2017,903233050,137500
2018,903233140,132000
2019,903233180,127500
2020,903234160,102000
2021,903236130,200000
2022,903400040,180500
2023,903401070,165000
2024,903425270,90000
2025,903425280,153575
2026,903426010,140000
2027,903427040,136000
2028,903430040,113000
2029,903430050,117000
2030,903450060,169500
2031,903451110,139400
2032,903453080,202500
2033,903454010,127000
2034,903454090,141000
2035,903456110,212300
2036,903457040,161000
2037,903457130,99500
2038,903458020,101000
2039,903458060,109900
2040,903475040,128500
2041,903475060,122000
2042,903476100,87000
2043,903484080,50000
2044,904100100,219000
2045,904101070,200500
2046,904301110,126000
2047,904302010,108500
2048,905100060,130000
2049,905100080,158450
2050,905101070,115400
2051,905101200,118500
2052,905102010,165000
2053,905103110,123000
2054,905104030,129000
2055,905104090,125000
2056,905104170,108000
2057,905104240,119900
2058,905105040,115000
2059,905105170,134500
2060,905105260,127000
2061,905106150,129000
2062,905107140,143500
2063,905200010,129000
2064,905201080,187000
2065,905225020,158000
2066,905226050,112000
2067,905226080,165250
2068,905226130,150000
2069,905226170,137000
2070,905228020,89500
2071,905301050,302000
2072,905352010,182000
2073,905352180,211000
2074,905376090,216000
2075,905377020,130000
2076,905377050,109900
2077,905401020,255000
2078,905426010,243000
2079,905451390,154000
2080,905475270,118000
2081,905475520,80000
2082,905476160,150000
2083,905476170,86000
2084,905476225,130000
2085,905478140,125000
2086,905478220,136500
2087,905480090,96000
2088,905480180,120000
2089,906200230,228500
2090,906201022,179900
2091,906201023,225000
2092,906201200,301000
2093,906203140,238000
2094,906204140,228500
2095,906223040,220000
2096,906340080,383970
2097,906340090,424870
2098,906378120,250000
2099,906378150,360000
2100,906378170,279500
2101,906380010,200141
2102,906380040,246500
2103,906380070,276000
2104,906380120,203000
2105,906380140,155835
2106,906380160,194000
2107,906380200,195400
2108,906382020,217000
2109,906382060,212999
2110,906392080,175900
2111,906394020,191000
2112,906394050,176432
2113,906402070,277000
2114,906403060,207000
2115,906426060,277000
2116,906426195,240000
2117,906475110,187500
2118,906475170,279000
2119,907125040,139500
2120,907125120,126000
2121,907130060,177500
2122,907131060,175000
2123,907131120,211000
2124,907135050,146000
2125,907135080,147900
2126,907135180,123600
2127,907180040,204750
2128,907187040,235500
2129,907187060,217000
2130,907192020,190550
2131,907192040,217500
2132,907192120,226000
2133,907192150,180000
2134,907200130,131000
2135,907200190,153500
2136,907200250,160000
2137,907200270,134900
2138,907202100,130000
2139,907202220,120000
2140,907203060,112500
2141,907203110,122000
2142,907227060,127000
2143,907227100,117000
2144,907250050,305900
2145,907252020,228500
2146,907252190,270000
2147,907260040,192000
2148,907260050,213000
2149,907262020,200000
2150,907270040,267000
2151,907275080,228000
2152,907275150,275000
2153,907280090,211000
2154,907280100,285000
2155,907285040,240000
2156,907290140,131500
2157,907295040,246900
2158,907401060,219500
2159,907405130,185000
2160,907410020,179400
2161,907410050,213500
2162,907414060,179600
2163,907414070,173500
2164,907420050,167840
2165,907420060,168675
2166,907420110,167000
2167,908102100,140000
2168,908102160,118500
2169,908103090,110000
2170,908127040,94750
2171,908127060,122000
2172,908127070,110000
2173,908127100,118500
2174,908152060,133500
2175,908152070,148000
2176,908152180,141000
2177,908152260,155000
2178,908152280,157000
2179,908152290,171500
2180,908154195,183850
2181,908154205,184750
2182,908186050,140000
2183,908204090,131750
2184,908204180,61500
2185,908225240,111000
2186,908225310,98500
2187,908226180,79000
2188,908228010,108500
2189,908250100,110000
2190,908275090,112000
2191,908275200,125000
2192,908275240,79275
2193,908276230,119000
2194,909176080,200000
2195,909176170,150000
2196,909250150,165000
2197,909250160,96500
2198,909251030,136500
2199,909251040,146500
2200,909252010,175000
2201,909252150,148500
2202,909252170,141500
2203,909254090,189950
2204,909254100,135000
2205,909254130,164000
2206,909254140,90350
2207,909254150,139000
2208,909256120,119750
2209,909275020,145000
2210,909275030,145000
2211,909275110,238000
2212,909275160,153500
2213,909275310,239000
2214,909276160,359100
2215,909276210,188000
2216,909279080,220000
2217,909281020,140000
2218,909281130,315000
2219,909282020,259500
2220,909425140,257500
2221,909425270,219500
2222,909428120,217000
2223,909428180,201000
2224,909428340,215000
2225,909451130,123900
2226,909452102,170000
2227,909455060,200000
2228,909475050,198000
2229,909475070,200624
2230,909475230,315000
2231,910200040,115000
2232,910200110,141000
2233,910201020,87000
2234,910201050,129850
2235,910201110,100000
2236,910201180,150909
2237,910202030,75200
2238,910203290,118400
2239,910204090,67000
2240,910205130,152000
2241,910206010,68104
2242,911103060,119600
2243,911128010,140000
2244,911128020,124900
2245,911370450,375000
2246,911370460,235000
2247,914452090,183500
2248,914452120,156000
2249,914452190,134000
2250,914460020,215000
2251,914460110,245000
2252,914476330,210000
2253,914478020,148000
2254,914478100,143000
2255,916226090,244000
2256,916253320,330000
2257,916326040,170000
2258,916326090,257000
2259,916384050,231713
2260,916384070,267300
2261,916384080,265900
2262,916384150,239000
2263,916386170,248900
2264,916403040,174000
2265,916403290,187500
2266,916455010,204000
2267,916455050,180500
2268,916455110,187500
2269,916455150,282000
2270,916460020,178000
2271,916475020,270000
2272,916477060,279900
2273,917425190,186700
2274,921126010,283463
2275,921128030,392000
2276,921205070,281213
2277,923202134,147000
2278,923202220,130000
2279,923203010,140000
2280,923204050,132250
2281,923204140,143000
2282,923205025,168000
2283,923225040,129900
2284,923225050,134000
2285,923226300,85500
2286,923228200,106500
2287,923228220,93900
2288,923228250,75000
2289,923228290,84500
2290,923228390,75190
2291,923229010,146800
2292,923229040,153500
2293,923229100,188000
2294,923229140,196000
2295,923230010,157000
2296,923230120,138000
2297,923230180,129500
2298,923251160,80000
2299,923252080,129500
2300,923275010,135000
2301,923275200,124500
2302,923276180,139000
2303,923400150,93500
2304,923425030,124500
2305,526302030,149900
2306,526302040,157500
2307,526302120,169000
2308,526303060,252000
2309,526354020,192100
2310,527105060,183500
2311,527106010,222000
2312,527107020,170000
2313,527107030,187500
2314,527107120,202000
2315,527107240,185000
2316,527108010,320000
2317,527108020,240000
2318,527108030,250000
2319,527108040,239900
2320,527108060,309000
2321,527108090,274725
2322,527146135,270000
2323,527158020,183500
2324,527163020,165600
2325,527166030,176500
2326,527182020,130000
2327,527190050,239000
2328,527190220,275000
2329,527210030,457347
2330,527210040,545224
2331,527210050,356383
2332,527212030,556581
2333,527212040,361919
2334,527214060,535000
2335,527216010,401179
2336,527216050,438780
2337,527226010,169000
2338,527250040,145000
2339,527252090,318000
2340,527254070,319000
2341,527256120,470000
2342,527301010,202500
2343,527302080,229000
2344,527325160,235000
2345,527327080,190000
2346,527328010,169000
2347,527354040,241500
2348,527355060,188900
2349,527355280,207500
2350,527356020,250000
2351,527356060,179900
2352,527358090,172000
2353,527365010,294323
2354,527375160,184500
2355,527376090,153500
2356,527376110,162900
2357,527377030,181000
2358,527378010,155000
2359,527402210,138800
2360,527402380,116050
2361,527403120,88000
2362,527404180,97500
2363,527427210,190000
2364,527450010,105500
2365,527450080,125500
2366,527450210,83000
2367,527450460,116000
2368,527451200,91500
2369,527451380,118000
2370,527451450,89000
2371,527451460,108000
2372,527451520,94500
2373,527452070,146300
2374,527452290,145000
2375,527452310,123000
2376,527453070,137500
2377,527455100,144000
2378,528102010,315000
2379,528102080,412083
2380,528106010,342643
2381,528106120,252000
2382,528110050,465000
2383,528112010,293000
2384,528114010,415000
2385,528116030,326000
2386,528118010,325300
2387,528118020,309000
2388,528118110,300000
2389,528120110,275500
2390,528120140,338500
2391,528138030,345000
2392,528142010,344133
2393,528142060,298236
2394,528142070,329900
2395,528142110,360000
2396,528144030,281000
2397,528150080,372397
2398,528150090,378000
2399,528164040,374000
2400,528170040,437154
2401,528172020,275000
2402,528172150,279000
2403,528174080,185850
2404,528180080,282500
2405,528181030,202500
2406,528181040,202665
2407,528186100,332200
2408,528186110,310090
2409,528188040,171750
2410,528218030,169990
2411,528218060,170440
2412,528218080,169985
2413,528218130,179665
2414,528218140,219210
2415,528221010,174190
2416,528221100,172785
2417,528222010,258000
2418,528222020,185101
2419,528228280,210250
2420,528228325,234000
2421,528228340,215000
2422,528228360,246990
2423,528228415,178740
2424,528228430,225000
2425,528228545,167240
2426,528228550,156820
2427,528228565,213490
2428,528228575,264561
2429,528228580,246578
2430,528231050,192140
2431,528235050,183200
2432,528235130,178000
2433,528235190,201490
2434,528240080,230500
2435,528250060,180000
2436,528275060,172400
2437,528275080,215000
2438,528280100,199900
2439,528290140,173000
2440,528292080,287602
2441,528294070,230000
2442,528315030,348000
2443,528315070,286000
2444,528315080,300000
2445,528320060,625000
2446,528327010,405000
2447,528344060,280000
2448,528348010,258000
2449,528358030,350000
2450,528360050,584500
2451,528363070,321000
2452,528365090,290000
2453,528366040,315000
2454,528429060,252000
2455,528429100,336820
2456,528429120,423000
2457,528429130,290000
2458,528439030,232000
2459,528445010,199000
2460,528456200,198600
2461,528477010,405749
2462,528477030,232600
2463,528480070,266000
2464,528480100,186500
2465,528480110,200825
2466,528480150,197000
2467,528488110,185000
2468,528488120,176000
2469,528488130,187750
2470,531363080,139500
2471,531367010,186800
2472,531375060,132000
2473,531375070,142500
2474,531375100,158000
2475,531376030,184000
2476,531376050,184900
2477,531379030,187000
2478,531450040,175900
2479,531451290,248500
2480,531452080,172000
2481,531452100,151000
2482,531452210,150000
2483,531478010,107000
2484,531479030,119900
2485,532351060,129500
2486,532351090,125000
2487,532351150,119500
2488,532353030,144000
2489,532353180,151000
2490,532376080,126000
2491,532376180,116000
2492,532376250,133500
2493,532378050,120875
2494,532378070,137000
2495,532378130,124000
2496,532378160,135000
2497,532378220,129200
2498,532476050,260000
2499,533110130,260000
2500,533125120,334000
2501,533127080,310000
2502,533128030,268000
2503,533128090,262000
2504,533206040,176400
2505,533208050,197000
2506,533212100,151000
2507,533212110,147400
2508,533212120,149900
2509,533212130,144152
2510,533221080,166000
2511,533223010,183900
2512,533223080,165000
2513,533223110,139000
2514,533241010,200000
2515,533242030,221000
2516,533250130,270000
2517,533252020,165000
2518,533253030,214000
2519,533253050,188000
2520,533253090,190000
2521,533253160,170000
2522,533350050,385000
2523,534125210,146500
2524,534126060,170000
2525,534127190,262500
2526,534127270,179900
2527,534128210,250000
2528,534129230,165150
2529,534175100,164500
2530,534176250,140000
2531,534201130,135500
2532,534201230,142000
2533,534201250,155000
2534,534201260,157500
2535,534201280,138500
2536,534201300,140000
2537,534202020,124400
2538,534202180,158000
2539,534226060,146000
2540,534250300,190000
2541,534275010,136500
2542,534276010,129900
2543,534276230,145000
2544,534400120,185900
2545,534403280,160000
2546,534403400,167000
2547,534403440,157500
2548,534427090,140000
2549,534428060,150000
2550,534429130,151500
2551,534430050,129800
2552,534430110,137000
2553,534431030,137000
2554,534451050,121600
2555,534451120,85500
2556,534451130,79900
2557,534453150,127000
2558,534455080,161000
2559,534475160,146500
2560,534476100,135000
2561,534477030,137900
2562,534479130,133000
2563,534479240,137000
2564,534479300,121000
2565,535101110,119000
2566,535103070,172000
2567,535105160,98600
2568,535125060,226000
2569,535150240,118000
2570,535150300,235000
2571,535151080,135000
2572,535151130,132500
2573,535152070,143000
2574,535152280,132000
2575,535176050,145250
2576,535177100,162000
2577,535178100,148000
2578,535179050,141000
2579,535180020,153000
2580,535180070,134450
2581,535301010,135960
2582,535301150,156000
2583,535303050,140000
2584,535304020,139500
2585,535305120,155000
2586,535325130,127000
2587,535325340,133500
2588,535325350,125000
2589,535325450,142000
2590,535325460,167000
2591,535327210,159000
2592,535353180,180000
2593,535354130,127000
2594,535355100,112000
2595,535375040,99800
2596,535376090,117000
2597,535376100,108480
2598,535377070,68000
2599,535377100,86900
2600,535379100,120000
2601,535380010,155500
2602,535380130,80000
2603,535381060,105000
2604,535382020,160000
2605,535382130,170000
2606,535401140,160000
2607,535402070,159950
2608,535402100,165000
2609,535402220,159000
2610,535402230,147000
2611,535403040,115000
2612,535403150,159500
2613,535403200,120000
2614,535404080,129900
2615,535425040,183000
2616,535425050,157500
2617,535425080,277500
2618,535426195,207500
2619,535450100,147500
2620,535450180,135000
2621,535451190,109500
2622,535451210,109900
2623,535453160,133700
2624,535454030,81400
2625,535454050,87500
2626,535454060,93500
2627,535456010,119000
2628,535456020,141000
2629,535457070,146000
2630,535477060,155000
2631,535478010,134500
2632,535478070,120000
2633,535478090,105000
2634,535478110,124000
2635,902100110,169000
2636,902100130,107000
2637,902101050,135000
2638,902103090,111500
2639,902104020,156500
2640,902106040,178000
2641,902106090,139900
2642,902108060,105000
2643,902109010,110000
2644,902110120,111500
2645,902110130,108000
2646,902111010,111500
2647,902125020,124000
2648,902128020,105000
2649,902128100,116000
2650,902134060,96900
2651,902204060,135500
2652,902204120,139000
2653,902206020,61500
2654,902206090,120000
2655,902207080,126175
2656,902207110,64000
2657,902301120,137000
2658,902305090,87000
2659,902325050,163000
2660,902325100,155000
2661,902325160,79000
2662,902328100,144000
2663,902329070,114504
2664,902329090,157000
2665,902400090,125000
2666,902400110,475000
2667,902401090,93500
2668,902406030,125000
2669,902456015,64500
2670,903200050,100000
2671,903202120,140200
2672,903206160,202500
2673,903225090,159000
2674,903229040,119900
2675,903231070,114500
2676,903231190,115000
2677,903231220,75000
2678,903231240,88000
2679,903232170,80500
2680,903233100,149000
2681,903233220,110000
2682,903234030,110500
2683,903235020,89000
2684,903236200,113000
2685,903400030,109000
2686,903425190,220000
2687,903425340,129000
2688,903430090,117000
2689,903430130,52500
2690,903451050,107000
2691,903452090,116500
2692,903454020,72000
2693,903454080,119500
2694,903455090,125500
2695,903456060,91000
2696,903456090,84500
2697,903458010,90000
2698,904100030,137500
2699,904100090,150000
2700,904100170,131000
2701,904101040,130000
2702,904301410,125000
2703,904302020,80000
2704,904302030,157000
2705,905100030,148000
2706,905101330,90000
2707,905101450,154500
2708,905103130,153600
2709,905103140,164500
2710,905103180,132000
2711,905105010,142500
2712,905106210,158000
2713,905107070,149500
2714,905107220,165000
2715,905107240,180000
2716,905107300,160500
2717,905108090,156500
2718,905108120,157000
2719,905200280,172500
2720,905200290,155000
2721,905200340,170000
2722,905200380,105000
2723,905200490,145000
2724,905201090,168000
2725,905202190,278000
2726,905202210,164000
2727,905225080,225000
2728,905300010,130000
2729,905300080,142500
2730,905351045,148400
2731,905351150,190000
2732,905402110,146000
2733,905403050,128000
2734,905426100,225000
2735,905426150,274970
2736,905427010,235000
2737,905427030,415000
2738,905427140,182000
2739,905451050,135000
2740,905451410,137000
2741,905452140,136900
2742,905452150,149900
2743,905475150,123500
2744,905477010,93000
2745,905480160,91500
2746,906202040,180000
2747,906204180,209000
2748,906223180,215000
2749,906225180,224500
2750,906380110,229800
2751,906380150,183600
2752,906380170,194000
2753,906380180,193879
2754,906382030,221500
2755,906382040,204900
2756,906382050,239799
2757,906392090,233555
2758,906392100,260000
2759,906392120,294900
2760,906394010,209700
2761,906394040,225000
2762,906394060,181000
2763,906420020,220000
2764,906426090,190000
2765,906475050,180000
2766,906475200,280000
2767,906476140,158900
2768,907125020,148000
2769,907125080,145000
2770,907130110,187000
2771,907131070,193000
2772,907135230,156000
2773,907175030,235000
2774,907175060,217000
2775,907180120,214000
2776,907181090,196000
2777,907187010,217000
2778,907192010,200000
2779,907194130,192500
2780,907196020,205000
2781,907200170,132500
2782,907201160,157500
2783,907201230,174000
2784,907202140,128500
2785,907203010,128500
2786,907203040,149900
2787,907227090,119900
2788,907230240,137000
2789,907251100,255000
2790,907252050,222000
2791,907254050,214000
2792,907255010,220000
2793,907255050,275000
2794,907262080,197000
2795,907265030,230000
2796,907270050,268500
2797,907275030,210900
2798,907285010,227000
2799,907285100,237000
2800,907290020,274300
2801,907290080,216837
2802,907290160,133000
2803,907290230,155900
2804,907290260,233230
2805,907401050,207000
2806,907401080,195000
2807,907405030,200000
2808,907410040,203160
2809,907410100,195800
2810,907410110,212900
2811,907412010,196500
2812,907414040,198000
2813,907418020,173900
2814,907420070,163990
2815,907420090,164990
2816,908102020,98000
2817,908102320,149900
2818,908102330,102000
2819,908103310,127500
2820,908103320,127500
2821,908127050,119900
2822,908128100,196500
2823,908130020,117250
2824,908178050,229000
2825,908186060,145000
2826,908186070,140000
2827,908186090,142500
2828,908188110,134000
2829,908188120,130000
2830,908188130,130000
2831,908188140,137500
2832,908188150,130000
2833,908225180,97900
2834,908227010,92000
2835,908227030,107000
2836,908227040,81000
2837,908228040,104900
2838,908275220,115000
2839,908275290,125000
2840,909101050,116000
2841,909101080,83000
2842,909101190,118500
2843,909101330,35000
2844,909103020,121000
2845,909131125,160000
2846,909175030,140000
2847,909176180,137000
2848,909201180,128000
2849,909250070,160000
2850,909250120,138887
2851,909250200,149000
2852,909250210,102000
2853,909253080,167000
2854,909254070,200100
2855,909256010,131000
2856,909256020,112000
2857,909275230,140000
2858,909275250,195000
2859,909276010,230000
2860,909276070,194000
2861,909279040,137500
2862,909280030,250000
2863,909280070,218000
2864,909281010,239000
2865,909282060,199500
2866,909282110,210000
2867,909425120,230000
2868,909425180,217500
2869,909426060,257000
2870,909428110,157000
2871,909475020,223000
2872,910200020,102000
2873,910200060,145400
2874,910203100,72000
2875,910203230,85000
2876,910207110,106500
2877,910226060,139000
2878,911175360,108000
2879,911175410,51689
2880,911175430,35311
2881,911175440,115000
2882,911225110,78000
2883,911370430,375000
2884,911370530,300000
2885,913350030,242500
2886,914452060,145000
2887,914474020,209000
2888,914476050,135000
2889,914476130,148000
2890,914476500,171000
2891,916225130,335000
2892,916252170,230000
2893,916325040,250764
2894,916326010,228000
2895,916402125,176000
2896,916403020,180000
2897,916403130,250000
2898,916460070,202000
2899,916475100,312500
2900,916477010,320000
2901,921205030,369900
2902,921205050,359900
2903,923125030,81500
2904,923202025,215000
2905,923203090,164000
2906,923203100,153500
2907,923205120,84500
2908,923225190,104500
2909,923225240,127000
2910,923225260,151400
2911,923225510,126500
2912,923226150,146500
2913,923226180,73000
2914,923226290,79400
2915,923227100,140000
2916,923228130,92000
2917,923228180,87550
2918,923228210,79500
2919,923228260,90500
2920,923228310,71000
2921,923229110,150900
2922,923230040,188000
2923,923250060,160000
2924,923251180,131000
2925,923275080,142500
2926,923276100,131000
2927,923400125,132000
2928,924100070,170000
2929,924151050,188000
